HomeTeam,Season_Code,League,Date,AwayTeam,FTHG,FTAG,FTR,HTHG,HTAG,HTR,HS,AS,HST,AST,HC,AC,HF,AF,HY,AY,HR,AR,B365H,B365D,B365A,B365>2.5,B365<2.5,Home_Elo,Away_Elo,Elo_Diff,Home_Roll5_GF,Away_Roll5_GF,Home_Roll5_GA,Away_Roll5_GA,Home_Roll5_Shots,Away_Roll5_Shots,Home_Roll5_SoT,Away_Roll5_SoT,Home_Rest_Days,Away_Rest_Days
AFC Wimbledon,2526,League One,2026-05-02,Huddersfield,0,4,A,0,1,A,3,21,1,9,5,3,17,8,2,1,0,0,2.65,3.75,2.25,1.75,2.05,1210.1196013283247,1307.5193052680163,-97.39970393969156,0.4,2.0,1.8,2.4,8.4,15.0,2.4,4.4,7.0,7.0
Accrington,2223,League One,2023-04-29,Cambridge,1,2,A,0,1,A,15,15,6,6,6,4,18,11,2,2,0,0,2.6,3.4,2.7,2.05,1.75,1206.150274151339,1213.601559504189,-7.451285352849709,0.8,1.4,2.2,1.4,14.2,11.4,4.0,5.0,4.0,7.0
Arsenal,2526,Premier League,2026-05-18,Burnley,1,0,H,1,0,H,13,5,3,0,3,3,7,16,1,3,0,0,1.09,11.0,23.0,1.33,3.4,1856.37233146558,1507.0935821891012,349.2787492764785,1.4,0.8,0.8,2.4,13.6,9.4,4.6,3.6,8.0,8.0
Aston Villa,2526,Premier League,2026-05-15,Liverpool,4,2,H,1,0,H,14,16,9,5,4,9,12,9,3,1,0,0,2.75,3.5,2.4,1.73,2.1,1687.0215669924128,1736.661470906635,-49.63990391422226,1.6,2.0,1.8,1.2,12.0,12.4,4.2,4.4,5.0,6.0
Barnsley,2526,League One,2026-05-02,Stockport,1,3,A,0,1,A,9,14,5,9,5,11,11,11,1,3,0,0,3.4,4.2,1.81,1.53,2.4,1269.534728477746,1358.770930054499,-89.23620157675327,0.8,1.8,1.0,1.4,12.2,18.0,3.0,6.6,4.0,4.0
Birmingham,2526,Championship,2026-04-25,Bristol City,2,1,H,2,0,H,11,9,6,2,6,5,10,8,3,1,0,0,1.68,3.8,4.75,1.8,2.0,1453.188788428093,1427.526913302035,25.66187512605802,1.2,1.4,1.0,1.4,13.0,10.4,5.4,5.2,3.0,4.0
Blackburn,2526,Championship,2026-05-02,Leicester,0,1,A,0,0,D,12,22,3,9,9,11,7,6,1,1,0,0,2.1,3.5,3.2,1.8,2.0,1427.169578444222,1365.2112759493073,61.95830249491473,1.0,0.8,1.2,1.2,9.0,17.4,2.6,5.6,10.0,8.0
Blackpool,2526,League One,2026-04-25,Leyton Orient,1,0,H,1,0,H,17,12,8,1,6,4,11,12,1,3,0,0,2.57,2.85,2.82,1.98,1.88,1312.025586550052,1264.177649417251,47.84793713280124,1.2,0.4,0.4,1.2,9.8,9.2,3.4,3.0,7.0,7.0
Bolton,2526,League One,2026-05-02,Luton,2,3,A,2,1,H,24,12,12,5,5,3,17,17,4,3,0,0,2.4,4.0,2.35,1.57,2.35,1384.1050095304718,1383.5594165787068,0.545592951765002,2.2,2.2,1.8,0.8,16.8,20.0,4.4,5.8,7.0,7.0
Bournemouth,2526,Premier League,2026-05-19,Man City,1,1,D,1,0,H,10,14,2,5,7,6,16,7,4,2,0,0,4.5,4.33,1.67,1.44,2.75,1743.8939449948557,1862.546400863589,-118.65245586873355,2.0,2.4,0.8,0.8,12.6,20.8,4.6,6.4,10.0,6.0
Bradford,2526,League One,2026-04-25,Bolton,1,1,D,0,0,D,12,17,2,3,6,5,13,11,2,2,0,0,2.57,3.1,2.65,1.9,1.95,1328.2487626528002,1386.775036688481,-58.52627403568045,1.2,2.4,1.0,1.8,13.0,15.2,4.6,4.2,4.0,7.0
Brentford,2526,Premier League,2026-05-17,Crystal Palace,2,2,D,1,1,D,14,16,3,5,9,4,7,5,1,3,0,0,1.73,4.2,4.33,1.67,2.2,1678.7039389573067,1628.578568969334,50.12536998797282,1.2,0.6,1.4,2.2,12.0,11.4,4.0,3.8,8.0,4.0
Brighton,2526,Premier League,2026-05-24,Man United,0,3,A,0,2,A,13,11,2,7,0,3,11,8,0,1,0,0,1.85,4.2,3.6,1.5,2.63,1688.8714333393775,1769.7694355003016,-80.89800216092385,1.8,1.8,1.2,1.0,14.2,14.6,6.0,4.4,7.0,7.0
Bristol City,2526,Championship,2026-05-02,Stoke,2,0,H,1,0,H,13,16,5,2,2,15,7,13,1,3,0,0,1.91,3.7,3.6,1.62,2.3,1412.706541981041,1355.5789841223366,57.12755785870445,1.2,0.6,1.6,2.2,8.8,9.6,4.0,2.0,7.0,7.0
Bristol Rvs,2425,League One,2025-04-26,Reading,0,2,A,0,0,D,16,11,5,6,5,5,12,14,1,1,0,0,3.0,3.5,2.2,1.8,2.0,1187.0321451252707,1378.9898125541636,-191.9576674288928,0.6,1.8,1.4,0.6,8.6,11.2,2.0,3.8,5.0,5.0
Burnley,2526,Premier League,2026-05-24,Wolves,1,1,D,0,1,A,16,16,8,4,7,7,10,11,2,2,0,0,2.35,3.5,2.9,1.73,2.1,1503.314592674399,1511.2763155632565,-7.961722888857366,0.8,0.4,2.2,1.8,8.4,10.8,2.6,3.0,6.0,7.0
Burton,2526,League One,2026-04-25,Exeter,1,1,D,0,1,A,16,6,5,1,3,1,11,11,0,1,0,0,1.91,3.5,3.7,1.8,2.0,1276.1363198356,1245.2291621759134,30.907157659686614,0.6,1.6,0.6,1.2,9.8,11.2,2.8,4.2,6.0,7.0
Cambridge,2425,League One,2025-05-03,Birmingham,1,2,A,1,1,D,9,11,4,6,3,3,15,14,2,1,1,0,5.5,4.5,1.48,1.7,2.1,1206.5531243908033,1550.846768129947,-344.29364373914336,1.0,1.8,1.2,0.2,11.0,12.6,3.2,4.2,7.0,3.0
Cardiff,2526,League One,2026-04-25,Northampton,5,1,H,3,0,H,25,10,11,5,3,2,12,8,1,1,0,0,1.11,7.5,15.0,1.36,3.1,1438.0018043645136,1117.066878709696,320.9349256548176,1.6,0.8,0.6,2.6,18.6,9.6,5.8,2.6,3.0,7.0
Carlisle,2324,League One,2024-04-20,Wycombe,1,3,A,1,1,D,11,16,4,3,3,2,12,16,2,1,0,0,3.5,3.6,2.0,2.05,1.75,1157.782866519472,1350.2775902689275,-192.4947237494555,1.0,1.0,1.4,0.8,11.4,9.2,3.8,2.6,7.0,4.0
Charlton,2526,Championship,2026-04-25,Hull,2,1,H,1,1,D,12,14,7,4,5,11,10,10,2,1,0,0,2.82,3.2,2.45,2.0,1.85,1373.9275879037905,1457.6505386605393,-83.72295075674879,1.0,1.0,1.6,1.2,12.4,13.4,4.0,3.6,3.0,4.0
Chelsea,2526,Premier League,2026-05-19,Tottenham,2,1,H,1,0,H,9,9,4,3,3,4,11,18,4,3,0,0,1.91,3.7,3.9,1.73,2.1,1655.802059817113,1569.7804524993112,86.02160731780214,0.4,1.2,2.2,1.0,13.2,12.2,2.8,4.6,10.0,8.0
Cheltenham,2324,League One,2024-04-23,Peterboro,2,0,H,2,0,H,25,9,8,3,7,4,18,9,1,0,0,0,3.1,4.2,2.05,1.57,2.35,1209.1155335973135,1411.2747205884714,-202.15918699115764,1.0,2.2,2.0,1.4,9.0,15.2,2.8,5.4,3.0,3.0
Coventry,2526,Championship,2026-04-26,Wrexham,3,1,H,1,1,D,15,13,6,2,5,4,6,18,2,2,0,0,2.1,3.8,3.1,1.73,2.1,1570.7420840978823,1503.1387896645986,67.60329443328396,1.8,1.2,0.8,1.8,13.2,9.6,3.8,2.6,5.0,5.0
Crawley Town,2425,League One,2025-04-26,Northampton,3,0,H,1,0,H,16,6,4,5,3,3,9,17,1,0,0,0,1.95,3.5,3.5,1.7,2.1,1228.2211101213804,1286.3208970821945,-58.09978696081407,1.6,1.8,2.2,1.0,10.2,12.6,4.4,5.6,5.0,5.0
Crewe,2122,League One,2022-04-23,Ipswich,1,1,D,0,1,A,11,18,4,7,4,6,9,11,2,2,0,0,6.5,4.1,1.53,2.05,1.75,1118.860399059526,1353.677760645802,-234.8173615862761,1.0,0.8,1.8,1.0,11.0,10.2,3.2,3.8,4.0,4.0
Crystal Palace,2526,Premier League,2026-05-24,Arsenal,1,2,A,0,1,A,8,17,3,7,3,4,9,12,0,1,0,0,4.2,4.0,1.75,1.67,2.2,1630.8710439952429,1860.151320980282,-229.2802769850391,1.0,1.4,2.6,0.4,12.8,13.2,4.6,4.6,7.0,6.0
Derby,2526,Championship,2026-05-02,Sheffield United,1,2,A,1,0,H,17,15,6,8,6,4,13,12,4,3,0,0,1.79,3.8,3.9,1.62,2.3,1479.5107225136142,1419.7962892875753,59.714433226038864,1.6,1.4,1.2,1.6,13.4,15.4,4.0,5.2,7.0,7.0
Doncaster,2526,League One,2026-04-25,Stevenage,1,1,D,0,1,A,12,8,3,4,4,3,9,13,2,1,0,0,3.0,3.2,2.3,2.15,1.67,1280.2396189890928,1359.3044788755417,-79.06485988644886,0.8,1.2,1.6,1.4,12.0,8.6,4.4,3.2,4.0,4.0
Everton,2526,Premier League,2026-05-17,Sunderland,1,3,A,1,0,H,10,7,4,3,3,2,14,9,3,0,0,0,1.8,3.75,4.33,1.91,1.91,1671.3902637365638,1602.6136666227055,68.77659711385832,1.8,1.0,2.2,2.0,12.4,12.4,5.2,3.8,7.0,8.0
Exeter,2526,League One,2026-05-02,Bradford,1,2,A,0,1,A,11,12,3,3,6,7,19,13,3,1,0,0,3.25,3.6,2.01,1.93,1.93,1246.6487467243796,1330.9187898108091,-84.2700430864295,1.8,1.2,1.4,1.2,9.6,11.8,4.0,3.6,7.0,7.0
Fleetwood Town,2324,League One,2024-04-27,Burton,3,0,H,2,0,H,15,13,7,3,4,5,9,10,0,4,0,0,2.9,3.8,2.2,1.63,2.15,1236.202488535634,1229.575305808375,6.627182727258969,0.8,1.4,1.8,2.4,13.0,8.6,5.8,3.2,7.0,7.0
Forest Green,2223,League One,2023-04-29,Oxford,0,3,A,0,1,A,2,15,1,6,1,5,5,8,0,0,0,0,6.0,4.0,1.57,1.98,1.88,1128.7536001850062,1237.097224416297,-108.34362423129072,0.4,1.0,2.4,0.8,4.8,14.8,1.8,5.0,7.0,4.0
Fulham,2526,Premier League,2026-05-24,Newcastle,2,0,H,1,0,H,21,7,6,2,6,6,13,6,2,2,0,0,2.88,3.8,2.25,1.62,2.3,1639.6685530108778,1666.3088853582278,-26.640332347350068,0.4,1.6,1.0,1.2,12.2,13.8,2.8,5.0,7.0,7.0
Gillingham,2122,League One,2022-04-30,Rotherham,0,2,A,0,1,A,7,17,2,7,4,10,10,11,3,3,0,0,5.5,4.0,1.61,1.93,1.93,1217.3785104478388,1387.5209422290816,-170.14243178124275,0.8,0.8,1.4,1.4,12.0,14.6,3.8,3.4,7.0,4.0
Huddersfield,2526,League One,2026-04-25,Mansfield,1,4,A,0,2,A,15,10,2,3,6,3,12,16,1,2,0,0,1.79,3.7,3.9,1.73,2.08,1323.6515005811473,1320.7808505078983,2.8706500732487257,2.0,0.8,1.8,0.8,14.6,11.4,5.2,3.8,7.0,4.0
Hull,2526,Championship,2026-05-02,Norwich,2,1,H,1,1,D,8,12,6,2,1,7,10,15,2,2,0,0,1.81,3.9,3.8,1.62,2.3,1437.8678899628856,1509.435193099739,-71.56730313685352,1.0,1.8,1.4,1.4,14.4,15.2,4.0,6.2,7.0,7.0
Ipswich,2526,Championship,2026-05-02,QPR,3,0,H,2,0,H,14,13,7,4,4,2,8,16,2,1,0,0,1.25,5.5,10.0,1.53,2.5,1551.7016401973078,1390.8614341186428,160.840206078665,1.2,0.8,1.4,1.6,14.6,13.6,4.8,5.0,4.0,7.0
Leeds,2526,Premier League,2026-05-17,Brighton,1,0,H,0,0,D,7,19,1,8,7,8,9,7,1,0,0,0,3.2,3.6,2.15,1.67,2.2,1678.8117401955053,1706.126750783361,-27.315010587855795,2.2,2.2,1.0,1.0,14.2,13.0,5.4,5.6,6.0,8.0
Leicester,2526,Championship,2026-04-24,Millwall,1,1,D,0,0,D,10,22,3,4,2,12,12,8,1,3,0,0,4.1,4.0,1.71,1.73,2.1,1357.0877704593306,1551.5307475033983,-194.4429770440679,1.0,1.6,1.4,0.8,21.0,11.4,7.0,4.0,3.0,3.0
Leyton Orient,2526,League One,2026-05-02,Burton,2,2,D,1,1,D,13,14,4,8,5,1,11,10,1,1,0,0,1.71,3.8,4.2,1.95,1.9,1250.3673027691275,1274.7167352871338,-24.349432518006324,0.4,0.8,1.4,0.6,9.8,12.8,2.2,3.6,7.0,7.0
Lincoln,2526,League One,2026-04-25,Wycombe,4,3,H,2,0,H,13,28,7,8,2,10,13,8,2,1,0,0,1.71,3.6,3.7,1.88,1.98,1522.9708132138328,1308.0329169387876,214.9378962750452,1.8,1.6,0.8,1.8,12.0,13.2,4.2,5.0,4.0,7.0
Liverpool,2526,Premier League,2026-05-24,Brentford,1,1,D,0,0,D,24,11,8,2,14,2,9,9,2,3,0,0,1.8,4.2,3.8,1.5,2.63,1718.3908978312495,1676.4114639313975,41.97943389985198,2.0,1.2,2.0,1.4,12.0,11.4,4.4,3.8,9.0,7.0
Luton,2526,League One,2026-04-25,Barnsley,2,1,H,1,1,D,17,13,4,2,9,5,9,14,1,5,0,0,1.39,4.75,6.5,1.5,2.5,1372.0687236604142,1271.4268159859264,100.6419076744878,2.2,1.0,0.8,1.4,20.0,11.6,6.2,4.0,4.0,4.0
Man City,2526,Premier League,2026-05-24,Aston Villa,1,2,A,1,0,H,16,12,3,5,9,4,8,4,1,0,0,0,1.29,6.0,9.0,1.3,3.5,1857.285215305008,1705.292140067798,151.99307523720972,2.2,2.2,0.8,2.0,20.6,12.4,6.4,5.0,5.0,9.0
Man United,2526,Premier League,2026-05-17,Nott'm Forest,3,2,H,1,0,H,29,11,8,4,7,6,11,5,2,1,0,0,1.6,4.2,5.25,1.62,2.3,1757.9708321328658,1664.5505145768311,93.42031755603443,1.4,2.8,1.0,0.8,12.8,11.6,4.6,4.8,8.0,7.0
Mansfield,2526,League One,2026-05-02,Cardiff,5,4,H,3,0,H,12,20,10,7,6,8,14,7,2,1,0,0,3.6,3.9,1.81,1.53,2.4,1332.2022788226875,1442.3593269716991,-110.15704814901142,1.4,2.4,0.6,0.6,11.2,17.8,3.2,6.4,4.0,7.0
Middlesbrough,2526,Championship,2026-04-25,Watford,5,1,H,2,0,H,20,12,9,3,6,3,8,10,1,2,0,0,1.39,4.75,6.5,1.57,2.38,1480.4679420748282,1379.9172011051448,100.55074096968336,1.2,0.4,1.4,2.0,22.8,14.4,6.4,4.4,3.0,4.0
Millwall,2526,Championship,2026-05-02,Oxford,2,0,H,1,0,H,22,4,8,1,14,1,8,6,1,0,0,0,1.3,5.25,7.5,1.62,2.3,1543.407242013422,1390.2011614578462,153.20608055557568,1.4,1.6,0.8,1.0,13.6,14.8,3.8,4.6,8.0,7.0
Milton Keynes Dons,2223,League One,2023-04-29,Barnsley,4,4,D,0,1,A,17,17,8,9,7,3,9,7,2,2,0,0,2.75,3.3,2.63,2.02,1.82,1258.2843166086288,1434.346884108929,-176.06256750030047,0.8,1.8,1.2,1.0,12.0,13.0,3.0,5.0,7.0,4.0
Morecambe,2223,League One,2023-04-29,Lincoln,3,2,H,0,1,A,11,12,5,5,3,6,13,13,3,3,0,0,2.3,3.5,3.0,2.08,1.73,1235.8527936161122,1329.704685914416,-93.85189229830394,1.0,1.4,2.0,0.6,9.4,12.6,2.8,3.0,7.0,4.0
Newcastle,2526,Premier League,2026-05-17,West Ham,3,1,H,2,0,H,15,15,7,8,9,1,8,11,1,3,0,0,2.1,3.8,3.2,1.5,2.63,1652.381546470437,1607.1199617427037,45.26158472773295,1.2,1.2,1.4,1.0,12.2,11.8,4.2,4.2,7.0,7.0
Northampton,2526,League One,2026-05-02,Plymouth,2,3,A,2,2,D,7,26,4,10,2,8,17,14,2,4,1,0,5.75,5.5,1.37,1.53,2.4,1103.1107506923984,1397.3106694490084,-294.19991875661003,0.8,2.2,2.8,1.0,10.0,16.8,3.0,7.0,4.0,7.0
Norwich,2526,Championship,2026-04-25,Swansea,1,1,D,0,0,D,16,8,8,2,5,2,13,9,3,5,0,0,1.62,4.0,4.75,1.67,2.2,1511.801519425533,1460.03775878583,51.763760639702696,1.8,1.8,1.4,1.6,13.2,11.0,5.0,4.8,4.0,4.0
Nott'm Forest,2526,Premier League,2026-05-24,Bournemouth,1,1,D,1,0,H,15,17,5,4,6,3,11,7,1,1,0,0,3.3,3.75,2.05,1.57,2.38,1652.7519112093955,1749.1551305534367,-96.4032193440412,3.0,1.8,1.2,0.8,10.8,13.0,4.8,4.4,7.0,5.0
Oxford,2526,Championship,2026-04-25,Sheffield Weds,4,1,H,2,0,H,20,9,10,3,5,3,14,13,1,0,0,0,1.41,4.75,6.25,1.91,1.91,1381.37616268527,1213.6541178204238,167.7220448648461,1.0,0.4,1.0,1.0,14.0,9.4,3.4,1.2,4.0,3.0
Peterboro,2526,League One,2026-05-02,Doncaster,1,3,A,0,0,D,16,21,6,13,6,3,10,10,1,3,0,0,2.57,3.6,2.35,1.57,2.35,1236.2111143766206,1283.819112546263,-47.60799816964254,0.8,1.0,2.0,1.4,12.6,12.4,3.8,5.0,4.0,7.0
Plymouth,2526,League One,2026-04-25,Port Vale,2,1,H,1,1,D,16,15,4,5,6,11,11,10,2,2,1,0,1.3,5.0,8.0,1.67,2.15,1388.9402503395636,1208.6567243478787,180.28352599168488,2.0,0.8,1.2,0.4,16.4,9.2,7.0,2.4,4.0,3.0
Port Vale,2526,League One,2026-05-02,Lincoln,0,2,A,0,1,A,13,11,1,3,2,6,7,9,0,2,0,0,4.1,4.2,1.66,1.93,1.93,1223.9832425872833,1530.1679155846823,-306.18467299739905,1.2,2.4,1.0,1.4,11.2,13.0,3.8,4.8,4.0,7.0
Portsmouth,2526,Championship,2026-05-02,Birmingham,1,1,D,1,1,D,14,13,2,5,3,9,19,10,2,2,0,0,2.35,3.5,2.7,1.8,2.0,1430.474830689493,1468.0091597490868,-37.5343290595938,1.6,1.6,1.2,1.0,7.4,12.8,2.6,5.6,7.0,7.0
Preston,2526,Championship,2026-05-02,Southampton,1,3,A,0,1,A,16,18,5,5,10,5,11,6,3,1,0,0,3.1,4.0,2.01,1.57,2.38,1403.334182935797,1566.4263065258417,-163.09212359004482,1.4,2.2,1.6,1.2,11.8,15.0,4.0,5.2,7.0,4.0
QPR,2526,Championship,2026-04-25,Derby,2,3,A,1,1,D,23,12,12,3,10,6,12,8,1,3,0,0,2.85,3.5,2.2,1.8,2.0,1404.021469144957,1466.3506874873,-62.32921834234276,0.8,1.4,1.2,1.4,12.0,12.6,4.2,4.0,4.0,4.0
Reading,2526,League One,2026-05-02,Blackpool,0,1,A,0,0,D,13,11,0,5,3,8,9,10,0,1,0,0,2.2,3.4,3.0,1.85,2.0,1319.4582133087215,1325.835933198175,-6.377719889453601,0.8,1.2,1.6,0.4,8.8,11.4,2.8,4.2,7.0,7.0
Rotherham,2526,League One,2026-04-25,Reading,1,1,D,1,0,H,15,6,3,3,3,2,17,15,3,2,0,0,2.82,3.4,2.25,2.05,1.75,1183.2573018193862,1325.6724692518465,-142.4151674324603,0.6,1.2,1.8,1.4,10.2,10.2,3.0,3.2,4.0,7.0
Sheffield United,2526,Championship,2026-04-25,Preston,2,3,A,0,2,A,17,12,3,6,10,5,12,11,0,3,0,0,1.57,4.5,4.33,1.67,2.2,1438.2334034114062,1384.897068811966,53.33633459944031,1.6,1.2,1.6,1.6,14.6,11.0,5.4,3.4,3.0,3.0
Sheffield Weds,2526,Championship,2026-05-02,West Brom,2,1,H,2,0,H,11,13,5,5,5,2,12,8,3,2,0,0,5.75,4.75,1.46,1.62,2.3,1204.8291190478476,1439.0681746284451,-234.23905558059755,0.6,1.0,1.4,0.0,8.0,11.2,1.4,3.8,7.0,7.0
Shrewsbury,2425,League One,2025-05-03,Crawley Town,1,2,A,0,0,D,11,13,4,6,8,4,14,7,5,2,1,0,3.0,3.4,2.25,1.62,2.25,1160.6923638869084,1246.8720398654466,-86.17967597853817,1.0,1.6,2.0,1.4,9.0,10.6,3.2,4.0,7.0,7.0
Southampton,2526,Championship,2026-04-28,Ipswich,2,2,D,0,0,D,18,19,4,9,5,9,10,19,0,2,0,0,2.1,3.4,3.1,1.73,2.1,1567.1725963945785,1550.955350328571,16.21724606600742,2.8,1.2,1.0,1.0,14.6,12.6,6.2,4.0,7.0,3.0
Stevenage,2526,League One,2026-05-02,Wigan,1,0,H,0,0,D,14,12,5,6,3,3,14,16,1,1,0,0,1.51,4.0,5.75,2.25,1.62,1355.7249853183712,1290.4987319116804,65.22625340669083,1.2,1.6,1.6,0.6,8.0,11.0,3.2,2.8,7.0,7.0
Stockport,2526,League One,2026-04-28,Port Vale,1,2,A,0,2,A,13,10,2,5,7,1,9,9,2,0,0,0,1.33,5.0,7.0,1.57,2.35,1382.4678674033487,1200.286305238434,182.1815621649148,2.0,0.8,1.4,0.8,17.8,10.8,7.0,3.0,3.0,3.0
Stoke,2526,Championship,2026-04-25,Portsmouth,1,3,A,0,1,A,13,8,3,4,8,1,9,13,0,2,0,0,2.7,3.2,2.55,2.03,1.83,1369.417793900412,1416.6360209114175,-47.218227011005865,0.8,1.4,1.6,1.4,9.4,7.6,2.6,2.4,4.0,4.0
Sunderland,2526,Premier League,2026-05-24,Chelsea,2,1,H,1,0,H,20,10,2,1,7,7,15,18,3,2,0,0,3.6,3.6,2.0,1.73,2.1,1621.740213136517,1667.9196281980533,-46.17941506153625,1.4,0.8,2.2,1.8,11.2,12.6,4.0,3.0,7.0,5.0
Swansea,2526,Championship,2026-05-02,Charlton,3,1,H,0,0,D,20,12,8,3,10,4,5,14,0,0,0,0,1.71,3.8,4.33,1.8,2.0,1462.4040851116235,1393.7102366014442,68.69384851017935,1.4,1.2,1.2,1.4,11.0,12.2,4.0,4.6,7.0,7.0
Tottenham,2526,Premier League,2026-05-24,Everton,1,0,H,1,0,H,21,8,6,3,6,2,15,12,5,3,0,1,1.91,3.75,3.8,1.73,2.1,1557.6628841183713,1652.2637172227523,-94.60083310438108,1.4,1.6,1.2,2.4,11.8,11.6,3.8,4.6,5.0,7.0
Watford,2526,Championship,2026-05-02,Coventry,0,4,A,0,2,A,13,18,4,7,0,6,16,10,2,1,0,0,3.3,4.0,1.91,1.57,2.38,1368.4226429929006,1583.6675410687726,-215.244898075872,0.4,1.8,2.6,0.6,15.4,13.6,4.4,3.6,7.0,6.0
West Brom,2526,Championship,2026-04-25,Ipswich,0,0,D,0,0,D,12,13,6,3,2,6,6,12,2,3,0,0,3.7,3.9,1.86,2.03,1.83,1433.6395808912605,1556.3839440657557,-122.74436317449522,1.4,1.6,0.4,1.2,10.6,12.2,3.4,4.4,4.0,3.0
West Ham,2526,Premier League,2026-05-24,Leeds,3,0,H,0,0,D,16,13,9,3,6,4,11,14,0,3,0,0,1.85,4.0,3.75,1.67,2.2,1593.1926228549123,1696.067057639489,-102.87443478457612,0.6,2.0,1.6,0.8,11.2,12.6,4.4,4.4,7.0,7.0
Wigan,2526,League One,2026-04-25,AFC Wimbledon,0,1,A,0,0,D,16,4,0,2,10,3,10,10,3,4,0,0,2.15,3.3,3.2,2.15,1.67,1311.9491394358108,1188.6691938041945,123.27994563161656,1.6,0.2,0.4,2.0,10.4,9.6,2.8,2.2,6.0,7.0
Wolves,2526,Premier League,2026-05-17,Fulham,1,1,D,1,1,D,11,13,3,5,3,6,20,8,1,0,0,0,3.8,3.8,1.9,1.73,2.1,1505.129840887948,1645.815027686186,-140.6851867982382,0.2,0.2,2.4,1.2,11.4,13.4,3.0,2.6,8.0,8.0
Wrexham,2526,Championship,2026-05-02,Middlesbrough,2,2,D,2,2,D,20,11,8,5,6,3,11,5,0,0,0,0,2.57,3.75,2.35,1.67,2.2,1490.2133326937085,1491.9625001870725,-1.7491674933639842,1.0,2.0,2.0,1.2,9.6,20.4,2.4,7.2,6.0,7.0
Wycombe,2526,League One,2026-05-02,Rotherham,3,2,H,2,2,D,20,6,9,3,15,1,14,13,1,2,0,0,1.46,4.33,5.75,1.65,2.2,1300.835814567938,1189.471557762511,111.36425680542698,1.4,0.8,2.6,1.8,14.6,11.2,4.8,2.6,7.0,7.0
